-- RentWise seed — REAL US rental listings (UCI Apartment for Rent Classified).
-- AUTO-GENERATED by app/ml/prepare_real_data.py — do not edit by hand.
-- Run order:  alembic upgrade head  ->  seed roles + amenities (see README)
--             ->  \i seed_all.sql  ->  \i seed_neighborhoods.sql
-- Expects a fresh DB (empty cities/properties).

DO $$
DECLARE
  v_landlord_id INT;
  prop_row      RECORD;
  urls          TEXT[];
  file_id       INT;
  url_idx       INT;
BEGIN
  -- Demo users (password for all three: Demo1234)
  INSERT INTO users (first_name, last_name, email, password_hash, is_active, created_at, updated_at) VALUES
    ('Site',  'Admin',    'admin@rentwise.com',    '$2b$12$IAx1pnfheO8JPnOJHiOv/uiVrjNhrvmATgb/.hUiqCFI5M5REZIgu', true, NOW(), NOW()),
    ('Arben', 'Kelmendi', 'landlord@rentwise.com', '$2b$12$IAx1pnfheO8JPnOJHiOv/uiVrjNhrvmATgb/.hUiqCFI5M5REZIgu', true, NOW(), NOW()),
    ('Tina',  'Tenant',   'tenant@rentwise.com',   '$2b$12$IAx1pnfheO8JPnOJHiOv/uiVrjNhrvmATgb/.hUiqCFI5M5REZIgu', true, NOW(), NOW())
  ON CONFLICT (email) DO UPDATE SET password_hash = EXCLUDED.password_hash, is_active = true;
  UPDATE users SET created_by = id, updated_by = id WHERE created_by IS NULL;

  -- Assign each demo user its role
  INSERT INTO user_roles (user_id, role_id, assigned_at, created_at, updated_at)
  SELECT u.id, r.id, NOW(), NOW(), NOW()
  FROM users u JOIN roles r ON (
       (u.email = 'admin@rentwise.com'    AND r.name = 'admin')
    OR (u.email = 'landlord@rentwise.com' AND r.name = 'landlord')
    OR (u.email = 'tenant@rentwise.com'   AND r.name = 'tenant'))
  WHERE NOT EXISTS (SELECT 1 FROM user_roles ur WHERE ur.user_id = u.id AND ur.role_id = r.id);

  SELECT id INTO v_landlord_id FROM users WHERE email = 'landlord@rentwise.com';

  -- Real US cities (explicit ids so the ML model's city_id feature stays aligned)
  INSERT INTO cities (id, name, country, created_by, updated_by, created_at, updated_at) VALUES
    (1,'Austin, TX','USA',v_landlord_id,v_landlord_id,NOW(),NOW()),
    (2,'Chicago, IL','USA',v_landlord_id,v_landlord_id,NOW(),NOW()),
    (3,'Cincinnati, OH','USA',v_landlord_id,v_landlord_id,NOW(),NOW()),
    (4,'Colorado Springs, CO','USA',v_landlord_id,v_landlord_id,NOW(),NOW()),
    (5,'Dallas, TX','USA',v_landlord_id,v_landlord_id,NOW(),NOW()),
    (6,'Denver, CO','USA',v_landlord_id,v_landlord_id,NOW(),NOW()),
    (7,'Houston, TX','USA',v_landlord_id,v_landlord_id,NOW(),NOW()),
    (8,'Kansas City, MO','USA',v_landlord_id,v_landlord_id,NOW(),NOW()),
    (9,'Las Vegas, NV','USA',v_landlord_id,v_landlord_id,NOW(),NOW()),
    (10,'Los Angeles, CA','USA',v_landlord_id,v_landlord_id,NOW(),NOW()),
    (11,'Madison, WI','USA',v_landlord_id,v_landlord_id,NOW(),NOW()),
    (12,'Portland, OR','USA',v_landlord_id,v_landlord_id,NOW(),NOW()),
    (13,'San Antonio, TX','USA',v_landlord_id,v_landlord_id,NOW(),NOW()),
    (14,'San Francisco, CA','USA',v_landlord_id,v_landlord_id,NOW(),NOW()),
    (15,'Seattle, WA','USA',v_landlord_id,v_landlord_id,NOW(),NOW())
  ON CONFLICT (id) DO NOTHING;
  PERFORM setval(pg_get_serial_sequence('cities','id'), (SELECT MAX(id) FROM cities));

  -- Neighborhoods: geographic zones derived from each listing's real lat/long
  INSERT INTO neighborhoods (id, city_id, name, latitude, longitude, created_by, updated_by, created_at, updated_at) VALUES
    (1,1,'Downtown Austin',30.3054,-97.7497,v_landlord_id,v_landlord_id,NOW(),NOW()),
    (2,2,'Downtown Chicago',41.8625,-87.6825,v_landlord_id,v_landlord_id,NOW(),NOW()),
    (3,2,'North Chicago',41.9891,-87.6572,v_landlord_id,v_landlord_id,NOW(),NOW()),
    (4,3,'North Cincinnati',39.1912,-84.4615,v_landlord_id,v_landlord_id,NOW(),NOW()),
    (5,3,'South Cincinnati',39.1054,-84.5022,v_landlord_id,v_landlord_id,NOW(),NOW()),
    (6,3,'East Cincinnati',39.2050,-84.3987,v_landlord_id,v_landlord_id,NOW(),NOW()),
    (7,3,'West Cincinnati',39.1679,-84.4933,v_landlord_id,v_landlord_id,NOW(),NOW()),
    (8,4,'Downtown Colorado Springs',38.8547,-104.7686,v_landlord_id,v_landlord_id,NOW(),NOW()),
    (9,4,'North Colorado Springs',39.0459,-104.8179,v_landlord_id,v_landlord_id,NOW(),NOW()),
    (10,4,'South Colorado Springs',38.8062,-104.7732,v_landlord_id,v_landlord_id,NOW(),NOW()),
    (11,4,'East Colorado Springs',38.8128,-104.6870,v_landlord_id,v_landlord_id,NOW(),NOW()),
    (12,4,'West Colorado Springs',38.8793,-104.8171,v_landlord_id,v_landlord_id,NOW(),NOW()),
    (13,5,'Downtown Dallas',32.9012,-96.7916,v_landlord_id,v_landlord_id,NOW(),NOW()),
    (14,5,'North Dallas',32.9845,-96.8077,v_landlord_id,v_landlord_id,NOW(),NOW()),
    (15,5,'South Dallas',32.8075,-96.7894,v_landlord_id,v_landlord_id,NOW(),NOW()),
    (16,5,'East Dallas',32.9108,-96.7321,v_landlord_id,v_landlord_id,NOW(),NOW()),
    (17,6,'Downtown Denver',39.7360,-104.9819,v_landlord_id,v_landlord_id,NOW(),NOW()),
    (18,6,'North Denver',39.8668,-105.0055,v_landlord_id,v_landlord_id,NOW(),NOW()),
    (19,6,'South Denver',39.6440,-104.9026,v_landlord_id,v_landlord_id,NOW(),NOW()),
    (20,6,'East Denver',39.6845,-104.8966,v_landlord_id,v_landlord_id,NOW(),NOW()),
    (21,6,'West Denver',39.7326,-105.0855,v_landlord_id,v_landlord_id,NOW(),NOW()),
    (22,7,'Downtown Houston',29.7714,-95.4343,v_landlord_id,v_landlord_id,NOW(),NOW()),
    (23,8,'Downtown Kansas City',39.0744,-94.5521,v_landlord_id,v_landlord_id,NOW(),NOW()),
    (24,8,'North Kansas City',39.2593,-94.5710,v_landlord_id,v_landlord_id,NOW(),NOW()),
    (25,9,'North Las Vegas',36.2336,-115.2906,v_landlord_id,v_landlord_id,NOW(),NOW()),
    (26,9,'South Las Vegas',36.0659,-115.2383,v_landlord_id,v_landlord_id,NOW(),NOW()),
    (27,9,'East Las Vegas',36.1456,-115.1589,v_landlord_id,v_landlord_id,NOW(),NOW()),
    (28,9,'West Las Vegas',36.2548,-115.5263,v_landlord_id,v_landlord_id,NOW(),NOW()),
    (29,10,'North Los Angeles',34.1004,-118.3423,v_landlord_id,v_landlord_id,NOW(),NOW()),
    (30,10,'South Los Angeles',33.9550,-118.3967,v_landlord_id,v_landlord_id,NOW(),NOW()),
    (31,10,'East Los Angeles',34.0375,-118.2933,v_landlord_id,v_landlord_id,NOW(),NOW()),
    (32,10,'West Los Angeles',34.0700,-118.3501,v_landlord_id,v_landlord_id,NOW(),NOW()),
    (33,11,'Downtown Madison',43.0724,-89.4003,v_landlord_id,v_landlord_id,NOW(),NOW()),
    (34,12,'Downtown Portland',45.5091,-122.6449,v_landlord_id,v_landlord_id,NOW(),NOW()),
    (35,13,'Downtown San Antonio',29.4624,-98.5253,v_landlord_id,v_landlord_id,NOW(),NOW()),
    (36,14,'Downtown San Francisco',37.7599,-122.4379,v_landlord_id,v_landlord_id,NOW(),NOW()),
    (37,15,'Downtown Seattle',47.6160,-122.3275,v_landlord_id,v_landlord_id,NOW(),NOW())
  ON CONFLICT (id) DO NOTHING;
  PERFORM setval(pg_get_serial_sequence('neighborhoods','id'), (SELECT MAX(id) FROM neighborhoods));

  -- Real listings (prices in USD; size_m2 column carries square feet)
  INSERT INTO properties (landlord_id,title,description,price,city_id,neighborhood_id,size_m2,num_rooms,num_bathrooms,is_furnished,is_pet_friendly,status,created_by,updated_by,created_at,updated_at) VALUES
    (v_landlord_id,'1-Bed Apartment in Austin','1 bd / 1 ba, 575 sq ft rental in Austin, TX. Real listing imported from market data.',920.00,1,1,575.0,1,1,false,false,'active',v_landlord_id,v_landlord_id,NOW() - (INTERVAL '1 hour' * 0),NOW() - (INTERVAL '1 hour' * 0)),
    (v_landlord_id,'2-Bed Apartment in Chicago','2 bd / 1 ba, 825 sq ft rental in Chicago, IL. Pet-friendly. Real listing imported from market data.',1549.00,2,2,825.0,2,1,false,true,'active',v_landlord_id,v_landlord_id,NOW() - (INTERVAL '1 hour' * 1),NOW() - (INTERVAL '1 hour' * 1)),
    (v_landlord_id,'1-Bed Apartment in Cincinnati','1 bd / 1 ba, 1111 sq ft rental in Cincinnati, OH. Real listing imported from market data.',1840.00,3,6,1111.0,1,1,false,false,'active',v_landlord_id,v_landlord_id,NOW() - (INTERVAL '1 hour' * 2),NOW() - (INTERVAL '1 hour' * 2)),
    (v_landlord_id,'2-Bed Apartment in Colorado Springs','2 bd / 2 ba, 1171 sq ft rental in Colorado Springs, CO. Real listing imported from market data.',1450.00,4,11,1171.0,2,2,false,false,'active',v_landlord_id,v_landlord_id,NOW() - (INTERVAL '1 hour' * 3),NOW() - (INTERVAL '1 hour' * 3)),
    (v_landlord_id,'1-Bed Apartment in Dallas','1 bd / 1 ba, 788 sq ft rental in Dallas, TX. Real listing imported from market data.',887.00,5,14,788.0,1,1,false,false,'active',v_landlord_id,v_landlord_id,NOW() - (INTERVAL '1 hour' * 4),NOW() - (INTERVAL '1 hour' * 4)),
    (v_landlord_id,'1-Bed Apartment in Denver','1 bd / 1 ba, 250 sq ft rental in Denver, CO. Real listing imported from market data.',1200.00,6,17,250.0,1,1,false,false,'active',v_landlord_id,v_landlord_id,NOW() - (INTERVAL '1 hour' * 5),NOW() - (INTERVAL '1 hour' * 5)),
    (v_landlord_id,'4-Bed Apartment in Houston','4 bd / 3 ba, 2039 sq ft rental in Houston, TX. Pet-friendly. Real listing imported from market data.',1675.00,7,22,2039.0,4,3,false,true,'active',v_landlord_id,v_landlord_id,NOW() - (INTERVAL '1 hour' * 6),NOW() - (INTERVAL '1 hour' * 6)),
    (v_landlord_id,'1-Bed Apartment in Kansas City','1 bd / 1 ba, 900 sq ft rental in Kansas City, MO. Real listing imported from market data.',900.00,8,23,900.0,1,1,false,false,'active',v_landlord_id,v_landlord_id,NOW() - (INTERVAL '1 hour' * 7),NOW() - (INTERVAL '1 hour' * 7)),
    (v_landlord_id,'1-Bed Apartment in Las Vegas','1 bd / 1 ba, 898 sq ft rental in Las Vegas, NV. Real listing imported from market data.',1349.00,9,26,898.0,1,1,false,false,'active',v_landlord_id,v_landlord_id,NOW() - (INTERVAL '1 hour' * 8),NOW() - (INTERVAL '1 hour' * 8)),
    (v_landlord_id,'1-Bed Apartment in Los Angeles','1 bd / 1 ba, 855 sq ft rental in Los Angeles, CA. Real listing imported from market data.',3193.00,10,31,855.0,1,1,false,false,'active',v_landlord_id,v_landlord_id,NOW() - (INTERVAL '1 hour' * 9),NOW() - (INTERVAL '1 hour' * 9)),
    (v_landlord_id,'5-Bed Apartment in Madison','5 bd / 1 ba, 1386 sq ft rental in Madison, WI. Real listing imported from market data.',2495.00,11,33,1386.0,5,1,false,false,'active',v_landlord_id,v_landlord_id,NOW() - (INTERVAL '1 hour' * 10),NOW() - (INTERVAL '1 hour' * 10)),
    (v_landlord_id,'1-Bed Apartment in Portland','1 bd / 1 ba, 488 sq ft rental in Portland, OR. Pet-friendly. Real listing imported from market data.',1275.00,12,34,488.0,1,1,false,true,'active',v_landlord_id,v_landlord_id,NOW() - (INTERVAL '1 hour' * 11),NOW() - (INTERVAL '1 hour' * 11)),
    (v_landlord_id,'1-Bed Apartment in San Antonio','1 bd / 1 ba, 600 sq ft rental in San Antonio, TX. Real listing imported from market data.',895.00,13,35,600.0,1,1,false,false,'active',v_landlord_id,v_landlord_id,NOW() - (INTERVAL '1 hour' * 12),NOW() - (INTERVAL '1 hour' * 12)),
    (v_landlord_id,'2-Bed Apartment in San Francisco','2 bd / 1 ba, 635 sq ft rental in San Francisco, CA. Pet-friendly. Real listing imported from market data.',4700.00,14,36,635.0,2,1,false,true,'active',v_landlord_id,v_landlord_id,NOW() - (INTERVAL '1 hour' * 13),NOW() - (INTERVAL '1 hour' * 13)),
    (v_landlord_id,'3-Bed Apartment in Seattle','3 bd / 1 ba, 1700 sq ft rental in Seattle, WA. Real listing imported from market data.',2400.00,15,37,1700.0,3,1,false,false,'active',v_landlord_id,v_landlord_id,NOW() - (INTERVAL '1 hour' * 14),NOW() - (INTERVAL '1 hour' * 14)),
    (v_landlord_id,'1-Bed Apartment in Austin','1 bd / 1 ba, 668 sq ft rental in Austin, TX. Real listing imported from market data.',1415.00,1,1,668.0,1,1,false,false,'active',v_landlord_id,v_landlord_id,NOW() - (INTERVAL '1 hour' * 15),NOW() - (INTERVAL '1 hour' * 15)),
    (v_landlord_id,'Studio in Chicago','0 bd / 1 ba, 1200 sq ft rental in Chicago, IL. Pet-friendly. Real listing imported from market data.',1375.00,2,2,1200.0,1,1,false,true,'active',v_landlord_id,v_landlord_id,NOW() - (INTERVAL '1 hour' * 16),NOW() - (INTERVAL '1 hour' * 16)),
    (v_landlord_id,'4-Bed Apartment in Cincinnati','4 bd / 2 ba, 1470 sq ft rental in Cincinnati, OH. Real listing imported from market data.',3240.00,3,7,1470.0,4,2,false,false,'active',v_landlord_id,v_landlord_id,NOW() - (INTERVAL '1 hour' * 17),NOW() - (INTERVAL '1 hour' * 17)),
    (v_landlord_id,'1-Bed Apartment in Colorado Springs','1 bd / 1 ba, 688 sq ft rental in Colorado Springs, CO. Real listing imported from market data.',1179.00,4,9,688.0,1,1,false,false,'active',v_landlord_id,v_landlord_id,NOW() - (INTERVAL '1 hour' * 18),NOW() - (INTERVAL '1 hour' * 18)),
    (v_landlord_id,'1-Bed Apartment in Dallas','1 bd / 1 ba, 678 sq ft rental in Dallas, TX. Real listing imported from market data.',1035.00,5,14,678.0,1,1,false,false,'active',v_landlord_id,v_landlord_id,NOW() - (INTERVAL '1 hour' * 19),NOW() - (INTERVAL '1 hour' * 19)),
    (v_landlord_id,'1-Bed Apartment in Denver','1 bd / 1 ba, 750 sq ft rental in Denver, CO. Pet-friendly. Real listing imported from market data.',1860.00,6,21,750.0,1,1,false,true,'active',v_landlord_id,v_landlord_id,NOW() - (INTERVAL '1 hour' * 20),NOW() - (INTERVAL '1 hour' * 20)),
    (v_landlord_id,'3-Bed Apartment in Houston','3 bd / 2 ba, 1748 sq ft rental in Houston, TX. Pet-friendly. Real listing imported from market data.',1449.00,7,22,1748.0,3,2,false,true,'active',v_landlord_id,v_landlord_id,NOW() - (INTERVAL '1 hour' * 21),NOW() - (INTERVAL '1 hour' * 21)),
    (v_landlord_id,'2-Bed Apartment in Kansas City','2 bd / 1 ba, 850 sq ft rental in Kansas City, MO. Pet-friendly. Real listing imported from market data.',795.00,8,23,850.0,2,1,false,true,'active',v_landlord_id,v_landlord_id,NOW() - (INTERVAL '1 hour' * 22),NOW() - (INTERVAL '1 hour' * 22)),
    (v_landlord_id,'2-Bed Apartment in Las Vegas','2 bd / 2 ba, 1043 sq ft rental in Las Vegas, NV. Real listing imported from market data.',1410.00,9,26,1043.0,2,2,false,false,'active',v_landlord_id,v_landlord_id,NOW() - (INTERVAL '1 hour' * 23),NOW() - (INTERVAL '1 hour' * 23)),
    (v_landlord_id,'1-Bed Apartment in Los Angeles','1 bd / 1 ba, 700 sq ft rental in Los Angeles, CA. Pet-friendly. Real listing imported from market data.',2095.00,10,31,700.0,1,1,false,true,'active',v_landlord_id,v_landlord_id,NOW() - (INTERVAL '1 hour' * 24),NOW() - (INTERVAL '1 hour' * 24)),
    (v_landlord_id,'1-Bed Apartment in Madison','1 bd / 1 ba, 564 sq ft rental in Madison, WI. Pet-friendly. Real listing imported from market data.',1305.00,11,33,564.0,1,1,false,true,'active',v_landlord_id,v_landlord_id,NOW() - (INTERVAL '1 hour' * 25),NOW() - (INTERVAL '1 hour' * 25)),
    (v_landlord_id,'1-Bed Apartment in Portland','1 bd / 1 ba, 438 sq ft rental in Portland, OR. Pet-friendly. Real listing imported from market data.',1100.00,12,34,438.0,1,1,false,true,'active',v_landlord_id,v_landlord_id,NOW() - (INTERVAL '1 hour' * 26),NOW() - (INTERVAL '1 hour' * 26)),
    (v_landlord_id,'1-Bed Apartment in San Antonio','1 bd / 1 ba, 747 sq ft rental in San Antonio, TX. Real listing imported from market data.',820.00,13,35,747.0,1,1,false,false,'active',v_landlord_id,v_landlord_id,NOW() - (INTERVAL '1 hour' * 27),NOW() - (INTERVAL '1 hour' * 27)),
    (v_landlord_id,'2-Bed Apartment in San Francisco','2 bd / 1 ba, 382 sq ft rental in San Francisco, CA. Real listing imported from market data.',2874.00,14,36,382.0,2,1,false,false,'active',v_landlord_id,v_landlord_id,NOW() - (INTERVAL '1 hour' * 28),NOW() - (INTERVAL '1 hour' * 28)),
    (v_landlord_id,'2-Bed Apartment in Seattle','2 bd / 1 ba, 604 sq ft rental in Seattle, WA. Real listing imported from market data.',1720.00,15,37,604.0,2,1,false,false,'active',v_landlord_id,v_landlord_id,NOW() - (INTERVAL '1 hour' * 29),NOW() - (INTERVAL '1 hour' * 29)),
    (v_landlord_id,'1-Bed Apartment in Austin','1 bd / 1 ba, 700 sq ft rental in Austin, TX. Real listing imported from market data.',1030.00,1,1,700.0,1,1,false,false,'active',v_landlord_id,v_landlord_id,NOW() - (INTERVAL '1 hour' * 30),NOW() - (INTERVAL '1 hour' * 30)),
    (v_landlord_id,'Studio in Chicago','0 bd / 1 ba, 275 sq ft rental in Chicago, IL. Pet-friendly. Real listing imported from market data.',892.00,2,2,275.0,1,1,false,true,'active',v_landlord_id,v_landlord_id,NOW() - (INTERVAL '1 hour' * 31),NOW() - (INTERVAL '1 hour' * 31)),
    (v_landlord_id,'1-Bed Apartment in Cincinnati','1 bd / 1 ba, 575 sq ft rental in Cincinnati, OH. Real listing imported from market data.',739.00,3,7,575.0,1,1,false,false,'active',v_landlord_id,v_landlord_id,NOW() - (INTERVAL '1 hour' * 32),NOW() - (INTERVAL '1 hour' * 32)),
    (v_landlord_id,'3-Bed Apartment in Colorado Springs','3 bd / 1 ba, 1075 sq ft rental in Colorado Springs, CO. Real listing imported from market data.',1199.00,4,12,1075.0,3,1,false,false,'active',v_landlord_id,v_landlord_id,NOW() - (INTERVAL '1 hour' * 33),NOW() - (INTERVAL '1 hour' * 33)),
    (v_landlord_id,'2-Bed Apartment in Dallas','2 bd / 2 ba, 905 sq ft rental in Dallas, TX. Pet-friendly. Real listing imported from market data.',1330.00,5,14,905.0,2,2,false,true,'active',v_landlord_id,v_landlord_id,NOW() - (INTERVAL '1 hour' * 34),NOW() - (INTERVAL '1 hour' * 34)),
    (v_landlord_id,'1-Bed Apartment in Denver','1 bd / 1 ba, 670 sq ft rental in Denver, CO. Pet-friendly. Real listing imported from market data.',1200.00,6,17,670.0,1,1,false,true,'active',v_landlord_id,v_landlord_id,NOW() - (INTERVAL '1 hour' * 35),NOW() - (INTERVAL '1 hour' * 35)),
    (v_landlord_id,'1-Bed Apartment in Houston','1 bd / 1 ba, 775 sq ft rental in Houston, TX. Pet-friendly. Real listing imported from market data.',814.00,7,22,775.0,1,1,false,true,'active',v_landlord_id,v_landlord_id,NOW() - (INTERVAL '1 hour' * 36),NOW() - (INTERVAL '1 hour' * 36)),
    (v_landlord_id,'1-Bed Apartment in Kansas City','1 bd / 1 ba, 730 sq ft rental in Kansas City, MO. Real listing imported from market data.',729.00,8,24,730.0,1,1,false,false,'active',v_landlord_id,v_landlord_id,NOW() - (INTERVAL '1 hour' * 37),NOW() - (INTERVAL '1 hour' * 37)),
    (v_landlord_id,'1-Bed Apartment in Las Vegas','1 bd / 1 ba, 858 sq ft rental in Las Vegas, NV. Pet-friendly. Real listing imported from market data.',1450.00,9,27,858.0,1,1,false,true,'active',v_landlord_id,v_landlord_id,NOW() - (INTERVAL '1 hour' * 38),NOW() - (INTERVAL '1 hour' * 38)),
    (v_landlord_id,'1-Bed Apartment in Los Angeles','1 bd / 1 ba, 800 sq ft rental in Los Angeles, CA. Pet-friendly. Real listing imported from market data.',2700.00,10,31,800.0,1,1,false,true,'active',v_landlord_id,v_landlord_id,NOW() - (INTERVAL '1 hour' * 39),NOW() - (INTERVAL '1 hour' * 39)),
    (v_landlord_id,'2-Bed Apartment in Madison','2 bd / 2 ba, 1210 sq ft rental in Madison, WI. Real listing imported from market data.',1350.00,11,33,1210.0,2,2,false,false,'active',v_landlord_id,v_landlord_id,NOW() - (INTERVAL '1 hour' * 40),NOW() - (INTERVAL '1 hour' * 40)),
    (v_landlord_id,'2-Bed Apartment in Portland','2 bd / 1 ba, 428 sq ft rental in Portland, OR. Real listing imported from market data.',1195.00,12,34,428.0,2,1,false,false,'active',v_landlord_id,v_landlord_id,NOW() - (INTERVAL '1 hour' * 41),NOW() - (INTERVAL '1 hour' * 41)),
    (v_landlord_id,'1-Bed Apartment in San Antonio','1 bd / 1 ba, 549 sq ft rental in San Antonio, TX. Real listing imported from market data.',828.00,13,35,549.0,1,1,false,false,'active',v_landlord_id,v_landlord_id,NOW() - (INTERVAL '1 hour' * 42),NOW() - (INTERVAL '1 hour' * 42)),
    (v_landlord_id,'1-Bed Apartment in San Francisco','1 bd / 1 ba, 466 sq ft rental in San Francisco, CA. Pet-friendly. Real listing imported from market data.',3095.00,14,36,466.0,1,1,false,true,'active',v_landlord_id,v_landlord_id,NOW() - (INTERVAL '1 hour' * 43),NOW() - (INTERVAL '1 hour' * 43)),
    (v_landlord_id,'1-Bed Apartment in Seattle','1 bd / 1 ba, 675 sq ft rental in Seattle, WA. Pet-friendly. Real listing imported from market data.',1875.00,15,37,675.0,1,1,false,true,'active',v_landlord_id,v_landlord_id,NOW() - (INTERVAL '1 hour' * 44),NOW() - (INTERVAL '1 hour' * 44)),
    (v_landlord_id,'1-Bed Apartment in Austin','1 bd / 1 ba, 650 sq ft rental in Austin, TX. Real listing imported from market data.',880.00,1,1,650.0,1,1,false,false,'active',v_landlord_id,v_landlord_id,NOW() - (INTERVAL '1 hour' * 45),NOW() - (INTERVAL '1 hour' * 45)),
    (v_landlord_id,'1-Bed Apartment in Chicago','1 bd / 1 ba, 469 sq ft rental in Chicago, IL. Pet-friendly. Real listing imported from market data.',1210.00,2,2,469.0,1,1,false,true,'active',v_landlord_id,v_landlord_id,NOW() - (INTERVAL '1 hour' * 46),NOW() - (INTERVAL '1 hour' * 46)),
    (v_landlord_id,'2-Bed Apartment in Cincinnati','2 bd / 2 ba, 1763 sq ft rental in Cincinnati, OH. Pet-friendly. Real listing imported from market data.',2900.00,3,5,1763.0,2,2,false,true,'active',v_landlord_id,v_landlord_id,NOW() - (INTERVAL '1 hour' * 47),NOW() - (INTERVAL '1 hour' * 47)),
    (v_landlord_id,'1-Bed Apartment in Colorado Springs','1 bd / 1 ba, 649 sq ft rental in Colorado Springs, CO. Real listing imported from market data.',1153.00,4,10,649.0,1,1,false,false,'active',v_landlord_id,v_landlord_id,NOW() - (INTERVAL '1 hour' * 48),NOW() - (INTERVAL '1 hour' * 48)),
    (v_landlord_id,'2-Bed Apartment in Dallas','2 bd / 2 ba, 912 sq ft rental in Dallas, TX. Pet-friendly. Real listing imported from market data.',1313.00,5,14,912.0,2,2,false,true,'active',v_landlord_id,v_landlord_id,NOW() - (INTERVAL '1 hour' * 49),NOW() - (INTERVAL '1 hour' * 49)),
    (v_landlord_id,'1-Bed Apartment in Denver','1 bd / 1 ba, 740 sq ft rental in Denver, CO. Real listing imported from market data.',1345.00,6,20,740.0,1,1,false,false,'active',v_landlord_id,v_landlord_id,NOW() - (INTERVAL '1 hour' * 50),NOW() - (INTERVAL '1 hour' * 50)),
    (v_landlord_id,'1-Bed Apartment in Houston','1 bd / 1 ba, 554 sq ft rental in Houston, TX. Pet-friendly. Real listing imported from market data.',750.00,7,22,554.0,1,1,false,true,'active',v_landlord_id,v_landlord_id,NOW() - (INTERVAL '1 hour' * 51),NOW() - (INTERVAL '1 hour' * 51)),
    (v_landlord_id,'1-Bed Apartment in Kansas City','1 bd / 1 ba, 543 sq ft rental in Kansas City, MO. Pet-friendly. Real listing imported from market data.',745.00,8,23,543.0,1,1,false,true,'active',v_landlord_id,v_landlord_id,NOW() - (INTERVAL '1 hour' * 52),NOW() - (INTERVAL '1 hour' * 52)),
    (v_landlord_id,'2-Bed Apartment in Las Vegas','2 bd / 2 ba, 1136 sq ft rental in Las Vegas, NV. Real listing imported from market data.',1220.00,9,25,1136.0,2,2,false,false,'active',v_landlord_id,v_landlord_id,NOW() - (INTERVAL '1 hour' * 53),NOW() - (INTERVAL '1 hour' * 53)),
    (v_landlord_id,'2-Bed Apartment in Los Angeles','2 bd / 2 ba, 897 sq ft rental in Los Angeles, CA. Real listing imported from market data.',2525.00,10,30,897.0,2,2,false,false,'active',v_landlord_id,v_landlord_id,NOW() - (INTERVAL '1 hour' * 54),NOW() - (INTERVAL '1 hour' * 54)),
    (v_landlord_id,'1-Bed Apartment in Madison','1 bd / 1 ba, 707 sq ft rental in Madison, WI. Pet-friendly. Real listing imported from market data.',1365.00,11,33,707.0,1,1,false,true,'active',v_landlord_id,v_landlord_id,NOW() - (INTERVAL '1 hour' * 55),NOW() - (INTERVAL '1 hour' * 55)),
    (v_landlord_id,'3-Bed Apartment in Portland','3 bd / 2 ba, 1562 sq ft rental in Portland, OR. Pet-friendly. Real listing imported from market data.',2895.00,12,34,1562.0,3,2,false,true,'active',v_landlord_id,v_landlord_id,NOW() - (INTERVAL '1 hour' * 56),NOW() - (INTERVAL '1 hour' * 56)),
    (v_landlord_id,'1-Bed Apartment in San Antonio','1 bd / 1 ba, 796 sq ft rental in San Antonio, TX. Real listing imported from market data.',894.00,13,35,796.0,1,1,false,false,'active',v_landlord_id,v_landlord_id,NOW() - (INTERVAL '1 hour' * 57),NOW() - (INTERVAL '1 hour' * 57)),
    (v_landlord_id,'1-Bed Apartment in San Francisco','1 bd / 1 ba, 219 sq ft rental in San Francisco, CA. Real listing imported from market data.',1400.00,14,36,219.0,1,1,false,false,'active',v_landlord_id,v_landlord_id,NOW() - (INTERVAL '1 hour' * 58),NOW() - (INTERVAL '1 hour' * 58)),
    (v_landlord_id,'2-Bed Apartment in Seattle','2 bd / 2 ba, 911 sq ft rental in Seattle, WA. Real listing imported from market data.',1949.00,15,37,911.0,2,2,false,false,'active',v_landlord_id,v_landlord_id,NOW() - (INTERVAL '1 hour' * 59),NOW() - (INTERVAL '1 hour' * 59)),
    (v_landlord_id,'1-Bed Apartment in Austin','1 bd / 1 ba, 679 sq ft rental in Austin, TX. Real listing imported from market data.',1265.00,1,1,679.0,1,1,false,false,'active',v_landlord_id,v_landlord_id,NOW() - (INTERVAL '1 hour' * 60),NOW() - (INTERVAL '1 hour' * 60)),
    (v_landlord_id,'2-Bed Apartment in Chicago','2 bd / 2 ba, 1200 sq ft rental in Chicago, IL. Pet-friendly. Real listing imported from market data.',2550.00,2,2,1200.0,2,2,false,true,'active',v_landlord_id,v_landlord_id,NOW() - (INTERVAL '1 hour' * 61),NOW() - (INTERVAL '1 hour' * 61)),
    (v_landlord_id,'1-Bed Apartment in Cincinnati','1 bd / 1 ba, 801 sq ft rental in Cincinnati, OH. Pet-friendly. Real listing imported from market data.',910.00,3,4,801.0,1,1,false,true,'active',v_landlord_id,v_landlord_id,NOW() - (INTERVAL '1 hour' * 62),NOW() - (INTERVAL '1 hour' * 62)),
    (v_landlord_id,'1-Bed Apartment in Colorado Springs','1 bd / 1 ba, 649 sq ft rental in Colorado Springs, CO. Pet-friendly. Real listing imported from market data.',1186.00,4,10,649.0,1,1,false,true,'active',v_landlord_id,v_landlord_id,NOW() - (INTERVAL '1 hour' * 63),NOW() - (INTERVAL '1 hour' * 63)),
    (v_landlord_id,'2-Bed Apartment in Dallas','2 bd / 2 ba, 942 sq ft rental in Dallas, TX. Real listing imported from market data.',1190.00,5,16,942.0,2,2,false,false,'active',v_landlord_id,v_landlord_id,NOW() - (INTERVAL '1 hour' * 64),NOW() - (INTERVAL '1 hour' * 64)),
    (v_landlord_id,'1-Bed Apartment in Denver','1 bd / 1 ba, 750 sq ft rental in Denver, CO. Pet-friendly. Real listing imported from market data.',1421.00,6,17,750.0,1,1,false,true,'active',v_landlord_id,v_landlord_id,NOW() - (INTERVAL '1 hour' * 65),NOW() - (INTERVAL '1 hour' * 65)),
    (v_landlord_id,'1-Bed Apartment in Houston','1 bd / 1 ba, 640 sq ft rental in Houston, TX. Real listing imported from market data.',774.00,7,22,640.0,1,1,false,false,'active',v_landlord_id,v_landlord_id,NOW() - (INTERVAL '1 hour' * 66),NOW() - (INTERVAL '1 hour' * 66)),
    (v_landlord_id,'1-Bed Apartment in Kansas City','1 bd / 1 ba, 700 sq ft rental in Kansas City, MO. Pet-friendly. Real listing imported from market data.',715.00,8,23,700.0,1,1,false,true,'active',v_landlord_id,v_landlord_id,NOW() - (INTERVAL '1 hour' * 67),NOW() - (INTERVAL '1 hour' * 67)),
    (v_landlord_id,'1-Bed Apartment in Las Vegas','1 bd / 1 ba, 700 sq ft rental in Las Vegas, NV. Pet-friendly. Real listing imported from market data.',900.00,9,27,700.0,1,1,false,true,'active',v_landlord_id,v_landlord_id,NOW() - (INTERVAL '1 hour' * 68),NOW() - (INTERVAL '1 hour' * 68)),
    (v_landlord_id,'2-Bed Apartment in Los Angeles','2 bd / 1 ba, 760 sq ft rental in Los Angeles, CA. Real listing imported from market data.',1850.00,10,29,760.0,2,1,false,false,'active',v_landlord_id,v_landlord_id,NOW() - (INTERVAL '1 hour' * 69),NOW() - (INTERVAL '1 hour' * 69)),
    (v_landlord_id,'1-Bed Apartment in Madison','1 bd / 1 ba, 265 sq ft rental in Madison, WI. Pet-friendly. Real listing imported from market data.',710.00,11,33,265.0,1,1,false,true,'active',v_landlord_id,v_landlord_id,NOW() - (INTERVAL '1 hour' * 70),NOW() - (INTERVAL '1 hour' * 70)),
    (v_landlord_id,'1-Bed Apartment in Portland','1 bd / 1 ba, 500 sq ft rental in Portland, OR. Pet-friendly. Real listing imported from market data.',1050.00,12,34,500.0,1,1,false,true,'active',v_landlord_id,v_landlord_id,NOW() - (INTERVAL '1 hour' * 71),NOW() - (INTERVAL '1 hour' * 71)),
    (v_landlord_id,'1-Bed Apartment in San Antonio','1 bd / 1 ba, 659 sq ft rental in San Antonio, TX. Pet-friendly. Real listing imported from market data.',695.00,13,35,659.0,1,1,false,true,'active',v_landlord_id,v_landlord_id,NOW() - (INTERVAL '1 hour' * 72),NOW() - (INTERVAL '1 hour' * 72)),
    (v_landlord_id,'1-Bed Apartment in San Francisco','1 bd / 1 ba, 700 sq ft rental in San Francisco, CA. Real listing imported from market data.',3730.00,14,36,700.0,1,1,false,false,'active',v_landlord_id,v_landlord_id,NOW() - (INTERVAL '1 hour' * 73),NOW() - (INTERVAL '1 hour' * 73)),
    (v_landlord_id,'2-Bed Apartment in Seattle','2 bd / 1 ba, 732 sq ft rental in Seattle, WA. Pet-friendly. Real listing imported from market data.',1695.00,15,37,732.0,2,1,false,true,'active',v_landlord_id,v_landlord_id,NOW() - (INTERVAL '1 hour' * 74),NOW() - (INTERVAL '1 hour' * 74)),
    (v_landlord_id,'1-Bed Apartment in Austin','1 bd / 1 ba, 644 sq ft rental in Austin, TX. Real listing imported from market data.',1000.00,1,1,644.0,1,1,false,false,'active',v_landlord_id,v_landlord_id,NOW() - (INTERVAL '1 hour' * 75),NOW() - (INTERVAL '1 hour' * 75)),
    (v_landlord_id,'3-Bed Apartment in Chicago','3 bd / 1 ba, 750 sq ft rental in Chicago, IL. Pet-friendly. Real listing imported from market data.',1650.00,2,2,750.0,3,1,false,true,'active',v_landlord_id,v_landlord_id,NOW() - (INTERVAL '1 hour' * 76),NOW() - (INTERVAL '1 hour' * 76)),
    (v_landlord_id,'3-Bed Apartment in Cincinnati','3 bd / 2 ba, 1500 sq ft rental in Cincinnati, OH. Pet-friendly. Real listing imported from market data.',1135.00,3,4,1500.0,3,2,false,true,'active',v_landlord_id,v_landlord_id,NOW() - (INTERVAL '1 hour' * 77),NOW() - (INTERVAL '1 hour' * 77)),
    (v_landlord_id,'2-Bed Apartment in Colorado Springs','2 bd / 1 ba, 1067 sq ft rental in Colorado Springs, CO. Pet-friendly. Real listing imported from market data.',1400.00,4,8,1067.0,2,1,false,true,'active',v_landlord_id,v_landlord_id,NOW() - (INTERVAL '1 hour' * 78),NOW() - (INTERVAL '1 hour' * 78)),
    (v_landlord_id,'1-Bed Apartment in Dallas','1 bd / 1 ba, 935 sq ft rental in Dallas, TX. Real listing imported from market data.',1714.00,5,15,935.0,1,1,false,false,'active',v_landlord_id,v_landlord_id,NOW() - (INTERVAL '1 hour' * 79),NOW() - (INTERVAL '1 hour' * 79)),
    (v_landlord_id,'1-Bed Apartment in Denver','1 bd / 1 ba, 998 sq ft rental in Denver, CO. Pet-friendly. Real listing imported from market data.',2530.00,6,17,998.0,1,1,false,true,'active',v_landlord_id,v_landlord_id,NOW() - (INTERVAL '1 hour' * 80),NOW() - (INTERVAL '1 hour' * 80)),
    (v_landlord_id,'1-Bed Apartment in Houston','1 bd / 1 ba, 715 sq ft rental in Houston, TX. Pet-friendly. Real listing imported from market data.',665.00,7,22,715.0,1,1,false,true,'active',v_landlord_id,v_landlord_id,NOW() - (INTERVAL '1 hour' * 81),NOW() - (INTERVAL '1 hour' * 81)),
    (v_landlord_id,'2-Bed Apartment in Kansas City','2 bd / 1 ba, 348 sq ft rental in Kansas City, MO. Pet-friendly. Real listing imported from market data.',699.00,8,23,348.0,2,1,false,true,'active',v_landlord_id,v_landlord_id,NOW() - (INTERVAL '1 hour' * 82),NOW() - (INTERVAL '1 hour' * 82)),
    (v_landlord_id,'2-Bed Apartment in Las Vegas','2 bd / 2 ba, 1100 sq ft rental in Las Vegas, NV. Pet-friendly. Real listing imported from market data.',895.00,9,28,1100.0,2,2,false,true,'active',v_landlord_id,v_landlord_id,NOW() - (INTERVAL '1 hour' * 83),NOW() - (INTERVAL '1 hour' * 83)),
    (v_landlord_id,'2-Bed Apartment in Los Angeles','2 bd / 1 ba, 925 sq ft rental in Los Angeles, CA. Real listing imported from market data.',2495.00,10,29,925.0,2,1,false,false,'active',v_landlord_id,v_landlord_id,NOW() - (INTERVAL '1 hour' * 84),NOW() - (INTERVAL '1 hour' * 84)),
    (v_landlord_id,'2-Bed Apartment in Madison','2 bd / 1 ba, 900 sq ft rental in Madison, WI. Real listing imported from market data.',850.00,11,33,900.0,2,1,false,false,'active',v_landlord_id,v_landlord_id,NOW() - (INTERVAL '1 hour' * 85),NOW() - (INTERVAL '1 hour' * 85)),
    (v_landlord_id,'1-Bed Apartment in Portland','1 bd / 1 ba, 400 sq ft rental in Portland, OR. Pet-friendly. Real listing imported from market data.',1225.00,12,34,400.0,1,1,false,true,'active',v_landlord_id,v_landlord_id,NOW() - (INTERVAL '1 hour' * 86),NOW() - (INTERVAL '1 hour' * 86)),
    (v_landlord_id,'1-Bed Apartment in San Antonio','1 bd / 1 ba, 705 sq ft rental in San Antonio, TX. Real listing imported from market data.',872.00,13,35,705.0,1,1,false,false,'active',v_landlord_id,v_landlord_id,NOW() - (INTERVAL '1 hour' * 87),NOW() - (INTERVAL '1 hour' * 87)),
    (v_landlord_id,'2-Bed Apartment in San Francisco','2 bd / 1 ba, 632 sq ft rental in San Francisco, CA. Real listing imported from market data.',4295.00,14,36,632.0,2,1,false,false,'active',v_landlord_id,v_landlord_id,NOW() - (INTERVAL '1 hour' * 88),NOW() - (INTERVAL '1 hour' * 88)),
    (v_landlord_id,'3-Bed Apartment in Seattle','3 bd / 2 ba, 2120 sq ft rental in Seattle, WA. Pet-friendly. Real listing imported from market data.',2395.00,15,37,2120.0,3,2,false,true,'active',v_landlord_id,v_landlord_id,NOW() - (INTERVAL '1 hour' * 89),NOW() - (INTERVAL '1 hour' * 89)),
    (v_landlord_id,'2-Bed Apartment in Austin','2 bd / 1 ba, 611 sq ft rental in Austin, TX. Real listing imported from market data.',1299.00,1,1,611.0,2,1,false,false,'active',v_landlord_id,v_landlord_id,NOW() - (INTERVAL '1 hour' * 90),NOW() - (INTERVAL '1 hour' * 90)),
    (v_landlord_id,'2-Bed Apartment in Chicago','2 bd / 1 ba, 1400 sq ft rental in Chicago, IL. Pet-friendly. Real listing imported from market data.',1600.00,2,2,1400.0,2,1,false,true,'active',v_landlord_id,v_landlord_id,NOW() - (INTERVAL '1 hour' * 91),NOW() - (INTERVAL '1 hour' * 91)),
    (v_landlord_id,'4-Bed Apartment in Cincinnati','4 bd / 2 ba, 1812 sq ft rental in Cincinnati, OH. Pet-friendly. Real listing imported from market data.',1895.00,3,7,1812.0,4,2,false,true,'active',v_landlord_id,v_landlord_id,NOW() - (INTERVAL '1 hour' * 92),NOW() - (INTERVAL '1 hour' * 92)),
    (v_landlord_id,'2-Bed Apartment in Colorado Springs','2 bd / 2 ba, 1065 sq ft rental in Colorado Springs, CO. Pet-friendly. Real listing imported from market data.',1275.00,4,11,1065.0,2,2,false,true,'active',v_landlord_id,v_landlord_id,NOW() - (INTERVAL '1 hour' * 93),NOW() - (INTERVAL '1 hour' * 93)),
    (v_landlord_id,'3-Bed Apartment in Dallas','3 bd / 2 ba, 792 sq ft rental in Dallas, TX. Real listing imported from market data.',2084.00,5,14,792.0,3,2,false,false,'active',v_landlord_id,v_landlord_id,NOW() - (INTERVAL '1 hour' * 94),NOW() - (INTERVAL '1 hour' * 94)),
    (v_landlord_id,'1-Bed Apartment in Denver','1 bd / 1 ba, 630 sq ft rental in Denver, CO. Pet-friendly. Real listing imported from market data.',1135.00,6,20,630.0,1,1,false,true,'active',v_landlord_id,v_landlord_id,NOW() - (INTERVAL '1 hour' * 95),NOW() - (INTERVAL '1 hour' * 95)),
    (v_landlord_id,'1-Bed Apartment in Houston','1 bd / 1 ba, 577 sq ft rental in Houston, TX. Pet-friendly. Real listing imported from market data.',660.00,7,22,577.0,1,1,false,true,'active',v_landlord_id,v_landlord_id,NOW() - (INTERVAL '1 hour' * 96),NOW() - (INTERVAL '1 hour' * 96)),
    (v_landlord_id,'1-Bed Apartment in Kansas City','1 bd / 1 ba, 669 sq ft rental in Kansas City, MO. Pet-friendly. Real listing imported from market data.',1100.00,8,23,669.0,1,1,false,true,'active',v_landlord_id,v_landlord_id,NOW() - (INTERVAL '1 hour' * 97),NOW() - (INTERVAL '1 hour' * 97)),
    (v_landlord_id,'2-Bed Apartment in Las Vegas','2 bd / 2 ba, 1050 sq ft rental in Las Vegas, NV. Real listing imported from market data.',1225.00,9,28,1050.0,2,2,false,false,'active',v_landlord_id,v_landlord_id,NOW() - (INTERVAL '1 hour' * 98),NOW() - (INTERVAL '1 hour' * 98)),
    (v_landlord_id,'2-Bed Apartment in Los Angeles','2 bd / 2 ba, 983 sq ft rental in Los Angeles, CA. Real listing imported from market data.',3400.00,10,31,983.0,2,2,false,false,'active',v_landlord_id,v_landlord_id,NOW() - (INTERVAL '1 hour' * 99),NOW() - (INTERVAL '1 hour' * 99)),
    (v_landlord_id,'1-Bed Apartment in Madison','1 bd / 1 ba, 456 sq ft rental in Madison, WI. Pet-friendly. Real listing imported from market data.',835.00,11,33,456.0,1,1,false,true,'active',v_landlord_id,v_landlord_id,NOW() - (INTERVAL '1 hour' * 100),NOW() - (INTERVAL '1 hour' * 100)),
    (v_landlord_id,'3-Bed Apartment in Portland','3 bd / 2 ba, 1900 sq ft rental in Portland, OR. Pet-friendly. Real listing imported from market data.',2795.00,12,34,1900.0,3,2,false,true,'active',v_landlord_id,v_landlord_id,NOW() - (INTERVAL '1 hour' * 101),NOW() - (INTERVAL '1 hour' * 101)),
    (v_landlord_id,'1-Bed Apartment in San Antonio','1 bd / 1 ba, 690 sq ft rental in San Antonio, TX. Real listing imported from market data.',800.00,13,35,690.0,1,1,false,false,'active',v_landlord_id,v_landlord_id,NOW() - (INTERVAL '1 hour' * 102),NOW() - (INTERVAL '1 hour' * 102)),
    (v_landlord_id,'2-Bed Apartment in San Francisco','2 bd / 1 ba, 860 sq ft rental in San Francisco, CA. Pet-friendly. Real listing imported from market data.',4695.00,14,36,860.0,2,1,false,true,'active',v_landlord_id,v_landlord_id,NOW() - (INTERVAL '1 hour' * 103),NOW() - (INTERVAL '1 hour' * 103)),
    (v_landlord_id,'Studio in Seattle','0 bd / 1 ba, 300 sq ft rental in Seattle, WA. Real listing imported from market data.',1195.00,15,37,300.0,1,1,false,false,'active',v_landlord_id,v_landlord_id,NOW() - (INTERVAL '1 hour' * 104),NOW() - (INTERVAL '1 hour' * 104)),
    (v_landlord_id,'1-Bed Apartment in Austin','1 bd / 1 ba, 564 sq ft rental in Austin, TX. Real listing imported from market data.',1150.00,1,1,564.0,1,1,false,false,'active',v_landlord_id,v_landlord_id,NOW() - (INTERVAL '1 hour' * 105),NOW() - (INTERVAL '1 hour' * 105)),
    (v_landlord_id,'2-Bed Apartment in Chicago','2 bd / 1 ba, 325 sq ft rental in Chicago, IL. Pet-friendly. Real listing imported from market data.',899.00,2,2,325.0,2,1,false,true,'active',v_landlord_id,v_landlord_id,NOW() - (INTERVAL '1 hour' * 106),NOW() - (INTERVAL '1 hour' * 106)),
    (v_landlord_id,'2-Bed Apartment in Cincinnati','2 bd / 1 ba, 950 sq ft rental in Cincinnati, OH. Pet-friendly. Real listing imported from market data.',859.00,3,7,950.0,2,1,false,true,'active',v_landlord_id,v_landlord_id,NOW() - (INTERVAL '1 hour' * 107),NOW() - (INTERVAL '1 hour' * 107)),
    (v_landlord_id,'2-Bed Apartment in Colorado Springs','2 bd / 2 ba, 942 sq ft rental in Colorado Springs, CO. Real listing imported from market data.',964.00,4,10,942.0,2,2,false,false,'active',v_landlord_id,v_landlord_id,NOW() - (INTERVAL '1 hour' * 108),NOW() - (INTERVAL '1 hour' * 108)),
    (v_landlord_id,'1-Bed Apartment in Dallas','1 bd / 1 ba, 477 sq ft rental in Dallas, TX. Pet-friendly. Real listing imported from market data.',835.00,5,13,477.0,1,1,false,true,'active',v_landlord_id,v_landlord_id,NOW() - (INTERVAL '1 hour' * 109),NOW() - (INTERVAL '1 hour' * 109)),
    (v_landlord_id,'1-Bed Apartment in Denver','1 bd / 1 ba, 679 sq ft rental in Denver, CO. Real listing imported from market data.',1225.00,6,18,679.0,1,1,false,false,'active',v_landlord_id,v_landlord_id,NOW() - (INTERVAL '1 hour' * 110),NOW() - (INTERVAL '1 hour' * 110)),
    (v_landlord_id,'1-Bed Apartment in Houston','1 bd / 1 ba, 654 sq ft rental in Houston, TX. Pet-friendly. Real listing imported from market data.',985.00,7,22,654.0,1,1,false,true,'active',v_landlord_id,v_landlord_id,NOW() - (INTERVAL '1 hour' * 111),NOW() - (INTERVAL '1 hour' * 111)),
    (v_landlord_id,'2-Bed Apartment in Kansas City','2 bd / 1 ba, 800 sq ft rental in Kansas City, MO. Pet-friendly. Real listing imported from market data.',900.00,8,23,800.0,2,1,false,true,'active',v_landlord_id,v_landlord_id,NOW() - (INTERVAL '1 hour' * 112),NOW() - (INTERVAL '1 hour' * 112)),
    (v_landlord_id,'1-Bed Apartment in Las Vegas','1 bd / 1 ba, 760 sq ft rental in Las Vegas, NV. Pet-friendly. Real listing imported from market data.',695.00,9,28,760.0,1,1,false,true,'active',v_landlord_id,v_landlord_id,NOW() - (INTERVAL '1 hour' * 113),NOW() - (INTERVAL '1 hour' * 113)),
    (v_landlord_id,'1-Bed Apartment in Los Angeles','1 bd / 1 ba, 420 sq ft rental in Los Angeles, CA. Pet-friendly. Real listing imported from market data.',1255.00,10,31,420.0,1,1,false,true,'active',v_landlord_id,v_landlord_id,NOW() - (INTERVAL '1 hour' * 114),NOW() - (INTERVAL '1 hour' * 114)),
    (v_landlord_id,'1-Bed Apartment in Madison','1 bd / 1 ba, 340 sq ft rental in Madison, WI. Real listing imported from market data.',785.00,11,33,340.0,1,1,false,false,'active',v_landlord_id,v_landlord_id,NOW() - (INTERVAL '1 hour' * 115),NOW() - (INTERVAL '1 hour' * 115)),
    (v_landlord_id,'1-Bed Apartment in Portland','1 bd / 1 ba, 623 sq ft rental in Portland, OR. Pet-friendly. Real listing imported from market data.',1275.00,12,34,623.0,1,1,false,true,'active',v_landlord_id,v_landlord_id,NOW() - (INTERVAL '1 hour' * 116),NOW() - (INTERVAL '1 hour' * 116)),
    (v_landlord_id,'1-Bed Apartment in San Antonio','1 bd / 1 ba, 777 sq ft rental in San Antonio, TX. Real listing imported from market data.',850.00,13,35,777.0,1,1,false,false,'active',v_landlord_id,v_landlord_id,NOW() - (INTERVAL '1 hour' * 117),NOW() - (INTERVAL '1 hour' * 117)),
    (v_landlord_id,'1-Bed Apartment in San Francisco','1 bd / 1 ba, 819 sq ft rental in San Francisco, CA. Real listing imported from market data.',4300.00,14,36,819.0,1,1,false,false,'active',v_landlord_id,v_landlord_id,NOW() - (INTERVAL '1 hour' * 118),NOW() - (INTERVAL '1 hour' * 118)),
    (v_landlord_id,'2-Bed Apartment in Seattle','2 bd / 2 ba, 1370 sq ft rental in Seattle, WA. Pet-friendly. Real listing imported from market data.',2795.00,15,37,1370.0,2,2,false,true,'active',v_landlord_id,v_landlord_id,NOW() - (INTERVAL '1 hour' * 119),NOW() - (INTERVAL '1 hour' * 119)),
    (v_landlord_id,'1-Bed Apartment in Austin','1 bd / 1 ba, 506 sq ft rental in Austin, TX. Real listing imported from market data.',855.00,1,1,506.0,1,1,false,false,'active',v_landlord_id,v_landlord_id,NOW() - (INTERVAL '1 hour' * 120),NOW() - (INTERVAL '1 hour' * 120)),
    (v_landlord_id,'1-Bed Apartment in Chicago','1 bd / 1 ba, 500 sq ft rental in Chicago, IL. Pet-friendly. Real listing imported from market data.',1395.00,2,2,500.0,1,1,false,true,'active',v_landlord_id,v_landlord_id,NOW() - (INTERVAL '1 hour' * 121),NOW() - (INTERVAL '1 hour' * 121)),
    (v_landlord_id,'3-Bed Apartment in Cincinnati','3 bd / 1 ba, 1253 sq ft rental in Cincinnati, OH. Pet-friendly. Real listing imported from market data.',1695.00,3,7,1253.0,3,1,false,true,'active',v_landlord_id,v_landlord_id,NOW() - (INTERVAL '1 hour' * 122),NOW() - (INTERVAL '1 hour' * 122)),
    (v_landlord_id,'2-Bed Apartment in Colorado Springs','2 bd / 1 ba, 460 sq ft rental in Colorado Springs, CO. Real listing imported from market data.',785.00,4,8,460.0,2,1,false,false,'active',v_landlord_id,v_landlord_id,NOW() - (INTERVAL '1 hour' * 123),NOW() - (INTERVAL '1 hour' * 123)),
    (v_landlord_id,'1-Bed Apartment in Dallas','1 bd / 1 ba, 550 sq ft rental in Dallas, TX. Pet-friendly. Real listing imported from market data.',825.00,5,13,550.0,1,1,false,true,'active',v_landlord_id,v_landlord_id,NOW() - (INTERVAL '1 hour' * 124),NOW() - (INTERVAL '1 hour' * 124)),
    (v_landlord_id,'2-Bed Apartment in Denver','2 bd / 2 ba, 1280 sq ft rental in Denver, CO. Pet-friendly. Real listing imported from market data.',1951.00,6,19,1280.0,2,2,false,true,'active',v_landlord_id,v_landlord_id,NOW() - (INTERVAL '1 hour' * 125),NOW() - (INTERVAL '1 hour' * 125)),
    (v_landlord_id,'1-Bed Apartment in Houston','1 bd / 1 ba, 751 sq ft rental in Houston, TX. Pet-friendly. Real listing imported from market data.',1314.00,7,22,751.0,1,1,false,true,'active',v_landlord_id,v_landlord_id,NOW() - (INTERVAL '1 hour' * 126),NOW() - (INTERVAL '1 hour' * 126)),
    (v_landlord_id,'2-Bed Apartment in Kansas City','2 bd / 1 ba, 1000 sq ft rental in Kansas City, MO. Pet-friendly. Real listing imported from market data.',850.00,8,23,1000.0,2,1,false,true,'active',v_landlord_id,v_landlord_id,NOW() - (INTERVAL '1 hour' * 127),NOW() - (INTERVAL '1 hour' * 127)),
    (v_landlord_id,'1-Bed Apartment in Las Vegas','1 bd / 1 ba, 796 sq ft rental in Las Vegas, NV. Real listing imported from market data.',1060.00,9,27,796.0,1,1,false,false,'active',v_landlord_id,v_landlord_id,NOW() - (INTERVAL '1 hour' * 128),NOW() - (INTERVAL '1 hour' * 128)),
    (v_landlord_id,'1-Bed Apartment in Los Angeles','1 bd / 1 ba, 662 sq ft rental in Los Angeles, CA. Pet-friendly. Real listing imported from market data.',2750.00,10,29,662.0,1,1,false,true,'active',v_landlord_id,v_landlord_id,NOW() - (INTERVAL '1 hour' * 129),NOW() - (INTERVAL '1 hour' * 129)),
    (v_landlord_id,'2-Bed Apartment in Madison','2 bd / 1 ba, 770 sq ft rental in Madison, WI. Pet-friendly. Real listing imported from market data.',1455.00,11,33,770.0,2,1,false,true,'active',v_landlord_id,v_landlord_id,NOW() - (INTERVAL '1 hour' * 130),NOW() - (INTERVAL '1 hour' * 130)),
    (v_landlord_id,'Studio in Portland','0 bd / 1 ba, 450 sq ft rental in Portland, OR. Real listing imported from market data.',1000.00,12,34,450.0,1,1,false,false,'active',v_landlord_id,v_landlord_id,NOW() - (INTERVAL '1 hour' * 131),NOW() - (INTERVAL '1 hour' * 131)),
    (v_landlord_id,'1-Bed Apartment in San Antonio','1 bd / 1 ba, 510 sq ft rental in San Antonio, TX. Pet-friendly. Real listing imported from market data.',770.00,13,35,510.0,1,1,false,true,'active',v_landlord_id,v_landlord_id,NOW() - (INTERVAL '1 hour' * 132),NOW() - (INTERVAL '1 hour' * 132)),
    (v_landlord_id,'2-Bed Apartment in San Francisco','2 bd / 1 ba, 1000 sq ft rental in San Francisco, CA. Real listing imported from market data.',4200.00,14,36,1000.0,2,1,false,false,'active',v_landlord_id,v_landlord_id,NOW() - (INTERVAL '1 hour' * 133),NOW() - (INTERVAL '1 hour' * 133)),
    (v_landlord_id,'1-Bed Apartment in Seattle','1 bd / 1 ba, 536 sq ft rental in Seattle, WA. Pet-friendly. Real listing imported from market data.',1275.00,15,37,536.0,1,1,false,true,'active',v_landlord_id,v_landlord_id,NOW() - (INTERVAL '1 hour' * 134),NOW() - (INTERVAL '1 hour' * 134)),
    (v_landlord_id,'1-Bed Apartment in Austin','1 bd / 1 ba, 759 sq ft rental in Austin, TX. Pet-friendly. Real listing imported from market data.',1705.00,1,1,759.0,1,1,false,true,'active',v_landlord_id,v_landlord_id,NOW() - (INTERVAL '1 hour' * 135),NOW() - (INTERVAL '1 hour' * 135)),
    (v_landlord_id,'2-Bed Apartment in Chicago','2 bd / 1 ba, 1200 sq ft rental in Chicago, IL. Pet-friendly. Real listing imported from market data.',1650.00,2,2,1200.0,2,1,false,true,'active',v_landlord_id,v_landlord_id,NOW() - (INTERVAL '1 hour' * 136),NOW() - (INTERVAL '1 hour' * 136)),
    (v_landlord_id,'1-Bed Apartment in Cincinnati','1 bd / 1 ba, 525 sq ft rental in Cincinnati, OH. Pet-friendly. Real listing imported from market data.',815.00,3,7,525.0,1,1,false,true,'active',v_landlord_id,v_landlord_id,NOW() - (INTERVAL '1 hour' * 137),NOW() - (INTERVAL '1 hour' * 137)),
    (v_landlord_id,'2-Bed Apartment in Colorado Springs','2 bd / 1 ba, 780 sq ft rental in Colorado Springs, CO. Real listing imported from market data.',1060.00,4,8,780.0,2,1,false,false,'active',v_landlord_id,v_landlord_id,NOW() - (INTERVAL '1 hour' * 138),NOW() - (INTERVAL '1 hour' * 138)),
    (v_landlord_id,'1-Bed Apartment in Dallas','1 bd / 1 ba, 672 sq ft rental in Dallas, TX. Pet-friendly. Real listing imported from market data.',1395.00,5,15,672.0,1,1,false,true,'active',v_landlord_id,v_landlord_id,NOW() - (INTERVAL '1 hour' * 139),NOW() - (INTERVAL '1 hour' * 139)),
    (v_landlord_id,'2-Bed Apartment in Denver','2 bd / 2 ba, 1312 sq ft rental in Denver, CO. Real listing imported from market data.',1611.00,6,20,1312.0,2,2,false,false,'active',v_landlord_id,v_landlord_id,NOW() - (INTERVAL '1 hour' * 140),NOW() - (INTERVAL '1 hour' * 140)),
    (v_landlord_id,'1-Bed Apartment in Houston','1 bd / 1 ba, 899 sq ft rental in Houston, TX. Pet-friendly. Real listing imported from market data.',1005.00,7,22,899.0,1,1,false,true,'active',v_landlord_id,v_landlord_id,NOW() - (INTERVAL '1 hour' * 141),NOW() - (INTERVAL '1 hour' * 141)),
    (v_landlord_id,'1-Bed Apartment in Kansas City','1 bd / 1 ba, 600 sq ft rental in Kansas City, MO. Pet-friendly. Real listing imported from market data.',800.00,8,23,600.0,1,1,false,true,'active',v_landlord_id,v_landlord_id,NOW() - (INTERVAL '1 hour' * 142),NOW() - (INTERVAL '1 hour' * 142)),
    (v_landlord_id,'1-Bed Apartment in Las Vegas','1 bd / 1 ba, 728 sq ft rental in Las Vegas, NV. Real listing imported from market data.',1010.00,9,26,728.0,1,1,false,false,'active',v_landlord_id,v_landlord_id,NOW() - (INTERVAL '1 hour' * 143),NOW() - (INTERVAL '1 hour' * 143)),
    (v_landlord_id,'2-Bed Apartment in Los Angeles','2 bd / 2 ba, 1129 sq ft rental in Los Angeles, CA. Real listing imported from market data.',3281.00,10,32,1129.0,2,2,false,false,'active',v_landlord_id,v_landlord_id,NOW() - (INTERVAL '1 hour' * 144),NOW() - (INTERVAL '1 hour' * 144)),
    (v_landlord_id,'1-Bed Apartment in Madison','1 bd / 1 ba, 877 sq ft rental in Madison, WI. Pet-friendly. Real listing imported from market data.',1275.00,11,33,877.0,1,1,false,true,'active',v_landlord_id,v_landlord_id,NOW() - (INTERVAL '1 hour' * 145),NOW() - (INTERVAL '1 hour' * 145)),
    (v_landlord_id,'2-Bed Apartment in Portland','2 bd / 1 ba, 900 sq ft rental in Portland, OR. Pet-friendly. Real listing imported from market data.',1250.00,12,34,900.0,2,1,false,true,'active',v_landlord_id,v_landlord_id,NOW() - (INTERVAL '1 hour' * 146),NOW() - (INTERVAL '1 hour' * 146)),
    (v_landlord_id,'1-Bed Apartment in San Antonio','1 bd / 1 ba, 687 sq ft rental in San Antonio, TX. Real listing imported from market data.',1005.00,13,35,687.0,1,1,false,false,'active',v_landlord_id,v_landlord_id,NOW() - (INTERVAL '1 hour' * 147),NOW() - (INTERVAL '1 hour' * 147)),
    (v_landlord_id,'Studio in San Francisco','0 bd / 1 ba, 313 sq ft rental in San Francisco, CA. Pet-friendly. Real listing imported from market data.',2195.00,14,36,313.0,1,1,false,true,'active',v_landlord_id,v_landlord_id,NOW() - (INTERVAL '1 hour' * 148),NOW() - (INTERVAL '1 hour' * 148)),
    (v_landlord_id,'2-Bed Apartment in Seattle','2 bd / 1 ba, 790 sq ft rental in Seattle, WA. Pet-friendly. Real listing imported from market data.',1999.00,15,37,790.0,2,1,false,true,'active',v_landlord_id,v_landlord_id,NOW() - (INTERVAL '1 hour' * 149),NOW() - (INTERVAL '1 hour' * 149)),
    (v_landlord_id,'1-Bed Apartment in Austin','1 bd / 1 ba, 401 sq ft rental in Austin, TX. Real listing imported from market data.',975.00,1,1,401.0,1,1,false,false,'active',v_landlord_id,v_landlord_id,NOW() - (INTERVAL '1 hour' * 150),NOW() - (INTERVAL '1 hour' * 150)),
    (v_landlord_id,'1-Bed Apartment in Chicago','1 bd / 1 ba, 300 sq ft rental in Chicago, IL. Pet-friendly. Real listing imported from market data.',995.00,2,3,300.0,1,1,false,true,'active',v_landlord_id,v_landlord_id,NOW() - (INTERVAL '1 hour' * 151),NOW() - (INTERVAL '1 hour' * 151)),
    (v_landlord_id,'1-Bed Apartment in Cincinnati','1 bd / 1 ba, 970 sq ft rental in Cincinnati, OH. Pet-friendly. Real listing imported from market data.',1150.00,3,7,970.0,1,1,false,true,'active',v_landlord_id,v_landlord_id,NOW() - (INTERVAL '1 hour' * 152),NOW() - (INTERVAL '1 hour' * 152)),
    (v_landlord_id,'2-Bed Apartment in Colorado Springs','2 bd / 1 ba, 840 sq ft rental in Colorado Springs, CO. Pet-friendly. Real listing imported from market data.',1155.00,4,10,840.0,2,1,false,true,'active',v_landlord_id,v_landlord_id,NOW() - (INTERVAL '1 hour' * 153),NOW() - (INTERVAL '1 hour' * 153)),
    (v_landlord_id,'2-Bed Apartment in Dallas','2 bd / 2 ba, 1195 sq ft rental in Dallas, TX. Real listing imported from market data.',1850.00,5,15,1195.0,2,2,false,false,'active',v_landlord_id,v_landlord_id,NOW() - (INTERVAL '1 hour' * 154),NOW() - (INTERVAL '1 hour' * 154)),
    (v_landlord_id,'1-Bed Apartment in Denver','1 bd / 1 ba, 650 sq ft rental in Denver, CO. Real listing imported from market data.',1463.00,6,21,650.0,1,1,false,false,'active',v_landlord_id,v_landlord_id,NOW() - (INTERVAL '1 hour' * 155),NOW() - (INTERVAL '1 hour' * 155)),
    (v_landlord_id,'1-Bed Apartment in Houston','1 bd / 1 ba, 809 sq ft rental in Houston, TX. Pet-friendly. Real listing imported from market data.',911.00,7,22,809.0,1,1,false,true,'active',v_landlord_id,v_landlord_id,NOW() - (INTERVAL '1 hour' * 156),NOW() - (INTERVAL '1 hour' * 156)),
    (v_landlord_id,'1-Bed Apartment in Kansas City','1 bd / 1 ba, 814 sq ft rental in Kansas City, MO. Pet-friendly. Real listing imported from market data.',1595.00,8,23,814.0,1,1,false,true,'active',v_landlord_id,v_landlord_id,NOW() - (INTERVAL '1 hour' * 157),NOW() - (INTERVAL '1 hour' * 157)),
    (v_landlord_id,'2-Bed Apartment in Las Vegas','2 bd / 2 ba, 918 sq ft rental in Las Vegas, NV. Real listing imported from market data.',1289.00,9,27,918.0,2,2,false,false,'active',v_landlord_id,v_landlord_id,NOW() - (INTERVAL '1 hour' * 158),NOW() - (INTERVAL '1 hour' * 158)),
    (v_landlord_id,'1-Bed Apartment in Los Angeles','1 bd / 1 ba, 1330 sq ft rental in Los Angeles, CA. Pet-friendly. Real listing imported from market data.',2695.00,10,31,1330.0,1,1,false,true,'active',v_landlord_id,v_landlord_id,NOW() - (INTERVAL '1 hour' * 159),NOW() - (INTERVAL '1 hour' * 159)),
    (v_landlord_id,'Studio in Madison','0 bd / 1 ba, 420 sq ft rental in Madison, WI. Real listing imported from market data.',995.00,11,33,420.0,1,1,false,false,'active',v_landlord_id,v_landlord_id,NOW() - (INTERVAL '1 hour' * 160),NOW() - (INTERVAL '1 hour' * 160)),
    (v_landlord_id,'1-Bed Apartment in Portland','1 bd / 1 ba, 370 sq ft rental in Portland, OR. Pet-friendly. Real listing imported from market data.',1025.00,12,34,370.0,1,1,false,true,'active',v_landlord_id,v_landlord_id,NOW() - (INTERVAL '1 hour' * 161),NOW() - (INTERVAL '1 hour' * 161)),
    (v_landlord_id,'1-Bed Apartment in San Antonio','1 bd / 1 ba, 703 sq ft rental in San Antonio, TX. Real listing imported from market data.',830.00,13,35,703.0,1,1,false,false,'active',v_landlord_id,v_landlord_id,NOW() - (INTERVAL '1 hour' * 162),NOW() - (INTERVAL '1 hour' * 162)),
    (v_landlord_id,'Studio in San Francisco','0 bd / 1 ba, 429 sq ft rental in San Francisco, CA. Pet-friendly. Real listing imported from market data.',2695.00,14,36,429.0,1,1,false,true,'active',v_landlord_id,v_landlord_id,NOW() - (INTERVAL '1 hour' * 163),NOW() - (INTERVAL '1 hour' * 163)),
    (v_landlord_id,'1-Bed Apartment in Seattle','1 bd / 1 ba, 586 sq ft rental in Seattle, WA. Real listing imported from market data.',1495.00,15,37,586.0,1,1,false,false,'active',v_landlord_id,v_landlord_id,NOW() - (INTERVAL '1 hour' * 164),NOW() - (INTERVAL '1 hour' * 164)),
    (v_landlord_id,'1-Bed Apartment in Austin','1 bd / 1 ba, 600 sq ft rental in Austin, TX. Real listing imported from market data.',1075.00,1,1,600.0,1,1,false,false,'active',v_landlord_id,v_landlord_id,NOW() - (INTERVAL '1 hour' * 165),NOW() - (INTERVAL '1 hour' * 165)),
    (v_landlord_id,'2-Bed Apartment in Chicago','2 bd / 1 ba, 575 sq ft rental in Chicago, IL. Pet-friendly. Real listing imported from market data.',1534.00,2,2,575.0,2,1,false,true,'active',v_landlord_id,v_landlord_id,NOW() - (INTERVAL '1 hour' * 166),NOW() - (INTERVAL '1 hour' * 166)),
    (v_landlord_id,'2-Bed Apartment in Cincinnati','2 bd / 1 ba, 700 sq ft rental in Cincinnati, OH. Pet-friendly. Real listing imported from market data.',839.00,3,7,700.0,2,1,false,true,'active',v_landlord_id,v_landlord_id,NOW() - (INTERVAL '1 hour' * 167),NOW() - (INTERVAL '1 hour' * 167)),
    (v_landlord_id,'1-Bed Apartment in Colorado Springs','1 bd / 1 ba, 819 sq ft rental in Colorado Springs, CO. Pet-friendly. Real listing imported from market data.',1103.00,4,9,819.0,1,1,false,true,'active',v_landlord_id,v_landlord_id,NOW() - (INTERVAL '1 hour' * 168),NOW() - (INTERVAL '1 hour' * 168)),
    (v_landlord_id,'1-Bed Apartment in Dallas','1 bd / 1 ba, 571 sq ft rental in Dallas, TX. Pet-friendly. Real listing imported from market data.',1065.00,5,15,571.0,1,1,false,true,'active',v_landlord_id,v_landlord_id,NOW() - (INTERVAL '1 hour' * 169),NOW() - (INTERVAL '1 hour' * 169)),
    (v_landlord_id,'1-Bed Apartment in Denver','1 bd / 1 ba, 600 sq ft rental in Denver, CO. Pet-friendly. Real listing imported from market data.',1125.00,6,17,600.0,1,1,false,true,'active',v_landlord_id,v_landlord_id,NOW() - (INTERVAL '1 hour' * 170),NOW() - (INTERVAL '1 hour' * 170)),
    (v_landlord_id,'3-Bed Apartment in Houston','3 bd / 2 ba, 1400 sq ft rental in Houston, TX. Pet-friendly. Real listing imported from market data.',1300.00,7,22,1400.0,3,2,false,true,'active',v_landlord_id,v_landlord_id,NOW() - (INTERVAL '1 hour' * 171),NOW() - (INTERVAL '1 hour' * 171)),
    (v_landlord_id,'1-Bed Apartment in Kansas City','1 bd / 1 ba, 700 sq ft rental in Kansas City, MO. Real listing imported from market data.',995.00,8,23,700.0,1,1,false,false,'active',v_landlord_id,v_landlord_id,NOW() - (INTERVAL '1 hour' * 172),NOW() - (INTERVAL '1 hour' * 172)),
    (v_landlord_id,'2-Bed Apartment in Las Vegas','2 bd / 2 ba, 1123 sq ft rental in Las Vegas, NV. Real listing imported from market data.',1549.00,9,26,1123.0,2,2,false,false,'active',v_landlord_id,v_landlord_id,NOW() - (INTERVAL '1 hour' * 173),NOW() - (INTERVAL '1 hour' * 173)),
    (v_landlord_id,'Studio in Los Angeles','0 bd / 1 ba, 600 sq ft rental in Los Angeles, CA. Pet-friendly. Real listing imported from market data.',1585.00,10,31,600.0,1,1,false,true,'active',v_landlord_id,v_landlord_id,NOW() - (INTERVAL '1 hour' * 174),NOW() - (INTERVAL '1 hour' * 174)),
    (v_landlord_id,'2-Bed Apartment in Madison','2 bd / 1 ba, 1254 sq ft rental in Madison, WI. Pet-friendly. Real listing imported from market data.',1450.00,11,33,1254.0,2,1,false,true,'active',v_landlord_id,v_landlord_id,NOW() - (INTERVAL '1 hour' * 175),NOW() - (INTERVAL '1 hour' * 175)),
    (v_landlord_id,'1-Bed Apartment in Portland','1 bd / 1 ba, 502 sq ft rental in Portland, OR. Pet-friendly. Real listing imported from market data.',1275.00,12,34,502.0,1,1,false,true,'active',v_landlord_id,v_landlord_id,NOW() - (INTERVAL '1 hour' * 176),NOW() - (INTERVAL '1 hour' * 176)),
    (v_landlord_id,'1-Bed Apartment in San Antonio','1 bd / 1 ba, 675 sq ft rental in San Antonio, TX. Pet-friendly. Real listing imported from market data.',1220.00,13,35,675.0,1,1,false,true,'active',v_landlord_id,v_landlord_id,NOW() - (INTERVAL '1 hour' * 177),NOW() - (INTERVAL '1 hour' * 177)),
    (v_landlord_id,'2-Bed Apartment in San Francisco','2 bd / 1 ba, 398 sq ft rental in San Francisco, CA. Pet-friendly. Real listing imported from market data.',2495.00,14,36,398.0,2,1,false,true,'active',v_landlord_id,v_landlord_id,NOW() - (INTERVAL '1 hour' * 178),NOW() - (INTERVAL '1 hour' * 178)),
    (v_landlord_id,'1-Bed Apartment in Seattle','1 bd / 1 ba, 634 sq ft rental in Seattle, WA. Pet-friendly. Real listing imported from market data.',1695.00,15,37,634.0,1,1,false,true,'active',v_landlord_id,v_landlord_id,NOW() - (INTERVAL '1 hour' * 179),NOW() - (INTERVAL '1 hour' * 179)),
    (v_landlord_id,'1-Bed Apartment in Austin','1 bd / 1 ba, 512 sq ft rental in Austin, TX. Pet-friendly. Real listing imported from market data.',902.00,1,1,512.0,1,1,false,true,'active',v_landlord_id,v_landlord_id,NOW() - (INTERVAL '1 hour' * 180),NOW() - (INTERVAL '1 hour' * 180)),
    (v_landlord_id,'2-Bed Apartment in Chicago','2 bd / 2 ba, 842 sq ft rental in Chicago, IL. Pet-friendly. Real listing imported from market data.',2350.00,2,2,842.0,2,2,false,true,'active',v_landlord_id,v_landlord_id,NOW() - (INTERVAL '1 hour' * 181),NOW() - (INTERVAL '1 hour' * 181)),
    (v_landlord_id,'2-Bed Apartment in Cincinnati','2 bd / 2 ba, 1010 sq ft rental in Cincinnati, OH. Pet-friendly. Real listing imported from market data.',1679.00,3,7,1010.0,2,2,false,true,'active',v_landlord_id,v_landlord_id,NOW() - (INTERVAL '1 hour' * 182),NOW() - (INTERVAL '1 hour' * 182)),
    (v_landlord_id,'2-Bed Apartment in Colorado Springs','2 bd / 2 ba, 916 sq ft rental in Colorado Springs, CO. Real listing imported from market data.',1365.00,4,8,916.0,2,2,false,false,'active',v_landlord_id,v_landlord_id,NOW() - (INTERVAL '1 hour' * 183),NOW() - (INTERVAL '1 hour' * 183)),
    (v_landlord_id,'1-Bed Apartment in Dallas','1 bd / 1 ba, 525 sq ft rental in Dallas, TX. Real listing imported from market data.',741.00,5,14,525.0,1,1,false,false,'active',v_landlord_id,v_landlord_id,NOW() - (INTERVAL '1 hour' * 184),NOW() - (INTERVAL '1 hour' * 184)),
    (v_landlord_id,'1-Bed Apartment in Denver','1 bd / 2 ba, 750 sq ft rental in Denver, CO. Real listing imported from market data.',1035.00,6,20,750.0,1,2,false,false,'active',v_landlord_id,v_landlord_id,NOW() - (INTERVAL '1 hour' * 185),NOW() - (INTERVAL '1 hour' * 185)),
    (v_landlord_id,'1-Bed Apartment in Houston','1 bd / 1 ba, 609 sq ft rental in Houston, TX. Pet-friendly. Real listing imported from market data.',1355.00,7,22,609.0,1,1,false,true,'active',v_landlord_id,v_landlord_id,NOW() - (INTERVAL '1 hour' * 186),NOW() - (INTERVAL '1 hour' * 186)),
    (v_landlord_id,'1-Bed Apartment in Kansas City','1 bd / 1 ba, 414 sq ft rental in Kansas City, MO. Pet-friendly. Real listing imported from market data.',750.00,8,23,414.0,1,1,false,true,'active',v_landlord_id,v_landlord_id,NOW() - (INTERVAL '1 hour' * 187),NOW() - (INTERVAL '1 hour' * 187)),
    (v_landlord_id,'1-Bed Apartment in Las Vegas','1 bd / 1 ba, 482 sq ft rental in Las Vegas, NV. Pet-friendly. Real listing imported from market data.',711.00,9,27,482.0,1,1,false,true,'active',v_landlord_id,v_landlord_id,NOW() - (INTERVAL '1 hour' * 188),NOW() - (INTERVAL '1 hour' * 188)),
    (v_landlord_id,'3-Bed Apartment in Los Angeles','3 bd / 2 ba, 1371 sq ft rental in Los Angeles, CA. Pet-friendly. Real listing imported from market data.',3250.00,10,31,1371.0,3,2,false,true,'active',v_landlord_id,v_landlord_id,NOW() - (INTERVAL '1 hour' * 189),NOW() - (INTERVAL '1 hour' * 189)),
    (v_landlord_id,'3-Bed Apartment in Madison','3 bd / 1 ba, 696 sq ft rental in Madison, WI. Pet-friendly. Real listing imported from market data.',1660.00,11,33,696.0,3,1,false,true,'active',v_landlord_id,v_landlord_id,NOW() - (INTERVAL '1 hour' * 190),NOW() - (INTERVAL '1 hour' * 190)),
    (v_landlord_id,'Studio in Portland','0 bd / 1 ba, 475 sq ft rental in Portland, OR. Real listing imported from market data.',1125.00,12,34,475.0,1,1,false,false,'active',v_landlord_id,v_landlord_id,NOW() - (INTERVAL '1 hour' * 191),NOW() - (INTERVAL '1 hour' * 191)),
    (v_landlord_id,'1-Bed Apartment in San Antonio','1 bd / 1 ba, 522 sq ft rental in San Antonio, TX. Real listing imported from market data.',860.00,13,35,522.0,1,1,false,false,'active',v_landlord_id,v_landlord_id,NOW() - (INTERVAL '1 hour' * 192),NOW() - (INTERVAL '1 hour' * 192)),
    (v_landlord_id,'1-Bed Apartment in San Francisco','1 bd / 1 ba, 508 sq ft rental in San Francisco, CA. Pet-friendly. Real listing imported from market data.',2995.00,14,36,508.0,1,1,false,true,'active',v_landlord_id,v_landlord_id,NOW() - (INTERVAL '1 hour' * 193),NOW() - (INTERVAL '1 hour' * 193)),
    (v_landlord_id,'2-Bed Apartment in Seattle','2 bd / 2 ba, 1000 sq ft rental in Seattle, WA. Pet-friendly. Real listing imported from market data.',1995.00,15,37,1000.0,2,2,false,true,'active',v_landlord_id,v_landlord_id,NOW() - (INTERVAL '1 hour' * 194),NOW() - (INTERVAL '1 hour' * 194));

  -- Images (Unsplash URLs cycled across all properties)
  urls := ARRAY[
    'https://images.unsplash.com/photo-1502672260266-1c1ef2d93688?w=800&q=80',
    'https://images.unsplash.com/photo-1522708323590-d24dbb6b0267?w=800&q=80',
    'https://images.unsplash.com/photo-1560448204-e02f11c3d0e2?w=800&q=80',
    'https://images.unsplash.com/photo-1583847268964-b28dc8f51f92?w=800&q=80',
    'https://images.unsplash.com/photo-1586023492125-27b2c045efd7?w=800&q=80',
    'https://images.unsplash.com/photo-1564078516393-cf04bd966897?w=800&q=80',
    'https://images.unsplash.com/photo-1512918728675-ed5a9ecdebfd?w=800&q=80',
    'https://images.unsplash.com/photo-1484154218962-a197022b5858?w=800&q=80',
    'https://images.unsplash.com/photo-1556020685-ae41abfc9365?w=800&q=80',
    'https://images.unsplash.com/photo-1493809842364-78817add7ffb?w=800&q=80',
    'https://images.unsplash.com/photo-1585128792020-803d29415281?w=800&q=80',
    'https://images.unsplash.com/photo-1628592102751-ba83b0314276?w=800&q=80',
    'https://images.unsplash.com/photo-1613575831056-0acd5da8f085?w=800&q=80',
    'https://images.unsplash.com/photo-1665249934445-1de680641f50?w=800&q=80',
    'https://images.unsplash.com/photo-1675279200694-8529c73b1fd0?w=800&q=80'
  ];
  -- Random image per listing (a fixed cycle would align with the round-robin
  -- city order and give every property in a city the same photo).
  FOR prop_row IN SELECT id FROM properties ORDER BY id LOOP
    url_idx := 1 + floor(random() * 15)::int;
    INSERT INTO files (entity, entity_id, filename, file_path, file_size, uploaded_by, created_at, updated_at)
    VALUES ('property', prop_row.id, 'photo.jpg', urls[url_idx], 0, v_landlord_id, NOW(), NOW())
    RETURNING id INTO file_id;
    INSERT INTO property_images (property_id, file_id, is_primary, created_at, updated_at)
    VALUES (prop_row.id, file_id, true, NOW(), NOW());
  END LOOP;

  -- Assign ~4 amenities per property
  INSERT INTO property_amenities (property_id, amenity_id, created_by, updated_by, created_at, updated_at)
  SELECT p.id, a.id, v_landlord_id, v_landlord_id, NOW(), NOW()
  FROM properties p
  JOIN amenities a ON ((p.id * 7 + a.id * 13) % 10) < 4
  ON CONFLICT DO NOTHING;
END $$;
